{
  "rule": [
    {
      "action": {
        "storageClass": "NEARLINE",
        "type": "SetStorageClass"
      },
      "condition": {
        "age": 180,
        "matchesStorageClass": [
          "REGIONAL",
          "STANDARD"
        ]
      }
    },
    {
      "action": {
        "storageClass": "COLDLINE",
        "type": "SetStorageClass"
      },
      "condition": {
        "age": 365,
        "matchesStorageClass": [
          "NEARLINE"
        ]
      }
    },
    {
      "action": {
        "type": "Delete"
      },
      "condition": {
        "age": 730,
        "isLive": true
      }
    }
  ]
}